Metric,Training,Validation,Testing
RMSE,2.5201637744903564,2.553297281265259,2.738133668899536
Cosine Similarity,0.890924870967865,0.9006248712539673,0.9600849151611328
R2 Score,0.9236043691635132,0.9142459034919739,0.9182026386260986
MAE,1.046882152557373,1.1215360164642334,1.1651477813720703
MSE,6.351224899291992,6.519327640533447,7.49737548828125
MAPE,1156654.75,1054773.125,196738.21875
PSNR,52.75576400756836,52.74436950683594,53.00778579711914
SSIM,0.9851893186569214,0.9823439121246338,0.9835406541824341
